companyName,size,location,url
SDLC Corp,250 - 999,"Batavia, United States",https://sdlccorp.com/?utm_source=good-firms&utm_medium=listing&utm_campaign=software-development
Instinctools,250 - 999,"Potomac, United States",https://www.instinctools.com/?utm_source=goodfirms.co&utm_medium=referral&utm_campaign=profile
Empat,50 - 249,"Miami, United States",https://empat.tech/?utm_source=Goodfirms&utm_medium=referral
Closeloop Technologies,50 - 249,"Mountain View, United States",https://closeloop.com/?utm_source=goodfirms&utm_medium=referral&utm_campaign=goodfirm-software-development
Unico Connect,50 - 249,"Mumbai, India",https://unicoconnect.com/services/ai-development?utm_source=Goodfirms&utm_medium=referral
JPLoft,50 - 249,"Denver, United States",https://www.jploft.com/software-development-services?utm_source=Goodfirms&utm_medium=referral
OpenXcell,250 - 999,"Las Vegas, United States",https://www.openxcell.com/custom-software-development-company/?utm_source=Goodfirms&utm_medium=Referral&utm_campaign=goodfirms-software-development-companies
Utility,50 - 249,"NYC, United States",https://utility.agency/?utm_source=gf&utm_medium=lst&utm_campaign=dev
Tallium Inc.,50 - 249,"Amsterdam, Netherlands",https://tallium.com/en/services/development/?utm_source=Goodfirms&utm_medium=referral
Persol Cross Technology Vietnam,50 - 249,"Ho Chi Minh City, Vietnam",https://www.persol-xtech.vn/?utm_source=goodfirms&utm_medium=referral&utm_campaign=goodfirms_profile&utm_content=software_development
Chop Dawg,50 - 249,"Smyrna, United States",https://www.chopdawg.com/what-well-do-for-you/?utm_source=Goodfirms&utm_medium=referral
ELEKS,"1,000 - 9,999","Tallinn, Estonia",https://eleks.com/?utm_source=Goodfirms&utm_medium=referral
Saigon Technology,250 - 999,"Reston, United States",https://saigontechnology.com/services/software-development-outsourcing/?utm_source=Goodfirms&utm_medium=referral
Sigli,50 - 249,"Antwerpen, Belgium",https://www.sigli.com/?utm_source=Goodfirms&utm_medium=referral
Goji Labs,10 - 49,"Los Angeles, United States",https://gojilabs.com/lp/custom-web-app-development/?utm_source=goodfirms&utm_medium=referral&utm_campaign=software_development
Lumitech,50 - 249,"Dubai, UAE",https://lumitech.co/services/web-development?utm_source=Goodfirms&utm_medium=referral
Probey Services,250 - 999,"London, United Kingdom",https://probeyservices.com/?utm_source=Goodfirms&utm_medium=referral
Diffco,50 - 249,"San Jose, United States",https://diffco.us/page/ai/?utm_source=goodfirms&utm_medium=ai&utm_campaign=software_development
Geeks Ltd,50 - 249,"London, United Kingdom",https://www.geeks.ltd/services/software-development?utm_source=goodfirms&utm_medium=referral&utm_campaign=software-development
Innovacio Technologies,50 - 249,"Kolkata, India",https://www.innovaciotech.com/artificialIntelligence?utm_source=Goodfirms&utm_medium=referral
AppMakers USA,10 - 49,"Los Angeles, United States",https://appmakersla.com/contact-us/?utmsource=Goodfirms&utmmedium=referral
"SharpQuest, Inc.",10 - 49,"Windsor, Canada",https://www.sharpquest.com/software-development-company/?utm_source=Goodfirms&utm_medium=referral
Promatics Technologies,50 - 249,"Ludhiana, India",https://www.promaticsindia.com/?utm_source=Goodfirms&utm_medium=referral
Orient Software Development Corp.,250 - 999,"Singapore, Singapore",https://www.orientsoftware.com/?utm_source=Goodfirms&utm_medium=referral
Zoolatech,250 - 999,"Miami, United States",https://zoolatech.com/?utm_source=Goodfirms&utm_medium=referral
inVerita,50 - 249,"Medellin, Colombia",https://inveritasoft.com/industries/healthcare?utm_source=Goodfirms&utm_medium=referral
SPD Technology,250 - 999,"London, United Kingdom",https://spd.tech/?utm_source=Goodfirms&utm_medium=referral
Future Processing,250 - 999,"Gliwice, Poland",https://www.future-processing.com/services/software-development-services/software-development/?utm_source=goodfirms.co&utm_medium=referral&utm_campaign=pro_campaign
Ajackus,50 - 249,"Mumbai, India",https://www.ajackus.com/?utm_source=Goodfirms&utm_medium=referral&utm_campaign=directory
Itransition,250 - 999,"Lakewood, United States",https://www.itransition.com/?utm_source=goodfirms.co&utm_medium=referral&utm_campaign=software-development-companies
Leobit,50 - 249,"Lviv, Ukraine",https://leobit.com/?utm_source=goodfirms&utm_campaign=gf-sofware-dev
i-hiddentalent,10 - 49,"Sheridan, United States",https://i-hiddentalent.com/?utm_source=Goodfirms&utm_medium=referral
Innostax,50 - 249,"Framingham, United States",https://innostax.com/service/custom-software-development-services/?utm_source=Goodfirms&utm_medium=referral
Sketch Development Services,10 - 49,"Webster Groves, United States",https://www.sketchdev.io/?utm_source=Goodfirms&utm_medium=referral
Parallel Staff,50 - 249,"Dallas, United States",https://parallelstaff.com/?utm_source=Goodfirms&utm_medium=referral
TRIARE,50 - 249,"Fairfax, United States",https://triare.net/?utm_source=Goodfirms&utm_medium=referral
Warp Development,50 - 249,"Cape Town, South Africa",https://www.warpdevelopment.com/?utm_source=Goodfirms&utm_medium=referral
Offshorly Ltd,50 - 249,"Peterborough, United Kingdom",https://offshorly.com/goodfirms?utm_source=Goodfirms&utm_medium=referral
SimplyPHP,10 - 49,"Montreal, Canada",https://simplyphp.com/?utm_source=Goodfirms&utm_medium=referral
Scalo,250 - 999,"Wroclaw, Poland",https://www.scalosoft.com/?utm_source=Goodfirms&utm_medium=referral
imaga,10 - 49,"Dubai, UAE",https://imaga.ai/?utm_source=goodfirms.co&utm_medium=referral&utm_campaign=soft-dev
Findigo,10 - 49,"London, United Kingdom",https://www.findigo.io/services/mvp?utm_source=Goodfirms&utm_medium=referral
Gearheart,10 - 49,"Kyiv, Ukraine",https://gearheart.io/?utm_source=Goodfirms&utm_medium=referral
DreamzTech Solutions,50 - 249,"Las Vegas, United States",https://www.dreamztech.com/services/custom-software-development/?utm_source=Goodfirms&utm_medium=referral
UpCodo Digital,10 - 49,"Noida, India",https://upcodo.com/?utm_source=Goodfirms&utm_medium=referral
Zerone Consulting,50 - 249,"Kochi, India",http://www.zerone-consulting.com/?utm_source=Goodfirms&utm_medium=referral
Chudovo,50 - 249,"NYC, United States",https://chudovo.com/custom-software-development/?utm_source=Goodfirms&utm_medium=referral
Sidebench,50 - 249,"Los Angeles, United States",http://sidebench.com/?utm_source=Goodfirms&utm_medium=referral